,V1,V2,V3,V4,V5,V6,V7,V8,V9,V10,V11,V12,V13,V14,V15,V16,V17,V18,V19,V20,V21,V22,V23,V24,V25,V26,V27,V28,V29,V30,V31,V32,V33,V34,V35,V36,V37,V38,V39,V40,V41,V42,V43,V44,V45,V46,V47,V48,V49,V50,V51,V52,V53,V54,V55,V56,V57,V58,V59,V60,V61,V62,V63,V64,V65,V66,V67,V68,V69,V70,V71,V72,V73,V74,V75,V76,V77,V78,V79,V80,V81,V82,V83,V84,V85,V86,V87,V88,V89,V90,V91,V92,V93,V94,V95,V96,V97,V98,V99,V100
1,849,584,437,865,724,804,525,5079,804,603,2452,1223,1762,804,786,3995,685,1274,849,804,2461,1273,971,1274,1206,1577,867,3402,475,665,603,603,1223,533,557,567,4267,769,563,437,665,2589,437,584,1147,564,3566,747,695,1315,849,563,525,2417,4079,535,626,786,865,700,593,1826,1394,747,763,2010,1389,525,769,446,881,593,747,564,3995,639,849,570,475,621,615,1274,639,865,932,786,621,570,1150,1054,1158,786,684,1147,563,248,463,1826,3372,2461
2,3793,5208,828,1425,966,1354,1497,6280,2108,862,2708,1555,2678,1111,2719,4158,1021,2932,1081,1088,2546,1458,1236,1621,1465,1781,1010,3635,883,1108,4114,1633,1555,4416,3635,1872,4454,1983,952,820,1539,3747,1498,1116,1377,787,5456,842,5362,1492,1307,1568,1111,2840,4235,962,844,1085,1429,1062,1059,2291,1560,985,1180,3085,2079,675,852,1805,1029,931,1041,4373,4259,3776,1053,753,750,1020,1296,1582,1441,1143,3975,1112,1627,1507,1480,1620,1351,1275,1057,1747,929,765,879,2062,3562,2890
3,3993,5469,1004,1593,4277,1992,2165,6620,2666,958,3170,1924,2957,4448,4586,4204,1910,3079,2341,1872,2719,4618,3249,1999,1663,2012,1626,3750,1514,2536,4473,1719,2311,4576,3901,2147,4658,2370,1158,1067,2001,3924,1777,1866,2394,1646,5618,979,5548,1707,1548,1760,1785,2919,5417,1345,1151,1344,1719,1316,2442,2518,1823,4543,1291,3244,2244,972,3777,3260,1426,1201,1301,4810,4487,3837,5507,1059,1274,1324,4144,1825,1649,1458,4464,1368,1857,1855,1702,4054,1718,1874,1755,2390,1174,1358,1258,2516,3662,2981
4,4088,5587,5449,2167,4424,2045,2325,6811,2829,3027,3368,2125,3117,4543,5839,4514,2024,3613,2444,2171,2867,4735,3380,2297,2388,3224,1795,3851,1832,3018,4548,1919,4377,5238,4060,5713,4997,2564,1403,1338,2110,4192,3287,1972,2501,4121,5671,1272,5670,2069,1645,2013,2067,3041,5481,1400,1418,1585,4047,1568,4700,2994,2746,4588,1384,3629,2408,2836,3968,3330,1598,1625,1666,4942,4541,3897,5598,1163,2425,4631,4191,1950,1977,2560,4881,2124,2073,2028,2933,5650,2068,2544,2014,2811,1280,1668,2001,2589,3783,3097
5,4185,5654,5738,2273,4501,2646,2455,6825,2958,4002,4126,2415,3220,4627,5864,4580,2202,4032,2632,2410,3035,4890,3516,3349,3821,4706,1966,6212,3365,3074,4626,2009,4553,5326,4808,5765,5878,2770,1533,1648,2627,4434,3402,2189,2870,4228,5735,1649,5716,2407,2364,2123,4788,3251,6063,1871,1606,1747,4165,1962,4813,3515,2818,4758,1574,3709,2632,3048,4007,3461,1720,3160,1886,5010,4622,4166,5790,1945,2929,4849,5276,4150,2488,2793,4968,2158,2232,3459,3375,5708,2210,3364,2143,2971,4345,2871,2085,3473,4081,4615
6,4682,5719,5840,2435,4559,2710,2614,6878,3158,4037,4266,3182,4862,4683,6039,4792,3578,4365,3150,2611,3168,4970,3865,3616,3895,4777,2601,6486,3506,5235,4672,2167,4663,5629,4872,5829,5928,3050,3135,2171,2764,4519,3615,2425,2941,4329,6502,3495,5774,2605,4922,2598,4858,3375,6117,2000,2128,1856,4289,2603,4898,3845,2923,4960,1758,3778,2711,3410,4103,3567,1939,3301,2071,5174,5119,4233,6049,2435,4647,4911,5375,4193,2603,3351,5037,3587,2446,3715,3439,5743,2288,4988,3546,3549,4665,3235,4737,3845,4230,4706
7,4707,5755,5859,2935,4613,2951,2842,6893,3284,4074,4548,3334,4895,4890,6249,4875,3637,4403,3208,2737,3234,5024,3927,3691,3986,4857,3290,6529,3609,5291,4693,3368,4702,5892,5018,5924,5967,4050,3857,2752,3506,4547,5279,2780,3066,4434,6523,3743,5891,2693,5530,2894,4932,3466,6137,2052,2614,2135,4309,2715,4936,3917,3349,5038,1956,3924,3121,3465,4870,3651,2055,3455,2342,5663,5216,4342,6097,2516,4729,5082,5662,4378,2716,3562,5136,3766,2510,5052,3580,5771,2822,5335,3669,3620,4727,3322,4836,3937,4411,4857
8,4742,5857,5900,3012,4681,3060,2917,6923,3710,4080,4615,3592,4916,6587,6445,4920,3848,4636,3345,2822,3767,5049,4714,3731,4041,5036,3344,6581,3881,5376,4743,3455,4743,6055,5036,6011,6045,6482,3970,2912,4279,4588,5379,2843,5235,4580,6538,3820,6793,2825,5667,3045,4994,4212,6456,2115,3061,2302,4454,2779,4983,4226,3431,5622,2091,3982,3387,3612,5719,3861,2158,3540,2419,5699,5443,5024,6777,2915,4920,5256,5760,4408,2780,3653,5206,4634,2617,6218,5541,5797,2895,5347,3847,4980,4811,3528,4950,4597,4461,4912
9,4928,5975,5961,3101,4723,3126,2947,6929,4599,5962,4809,4431,4981,6754,6468,4976,4033,4720,3549,2908,3870,5230,4835,3789,4132,5070,3430,6658,4426,5540,4877,3683,4828,6100,5071,6038,6106,6528,4045,4004,4308,4649,5390,3312,5320,4879,6578,3986,6878,3010,5721,3794,5575,4961,6550,2394,3151,3546,4505,3438,5030,4940,3535,5905,2994,4087,4320,3696,5899,4129,2749,3804,2501,5868,5517,5056,6815,3130,4988,5297,5916,4464,2813,5375,5276,4700,5903,6260,5572,6076,2954,5447,5705,4993,4847,3582,5079,4766,4618,5315
10,4934,6007,6186,3366,5219,3246,3025,6944,4635,5972,4962,4449,5040,7011,6499,5025,4103,4810,3617,2953,3993,5253,4887,3881,4190,5142,3544,6715,4477,5690,6587,3692,4958,6127,5127,6098,6132,6556,4200,4055,5818,4808,5409,3375,5415,5441,6674,4081,6900,3226,5777,6656,5717,4973,6573,2459,5066,5273,4558,3548,5118,4970,3645,5945,3401,5785,4364,3943,5905,5280,2779,4611,5228,5950,5712,5070,6833,3205,5125,5373,5945,4648,2931,5877,5307,4808,5937,6322,5619,6110,3018,5500,6387,5093,5047,3883,5619,4772,4804,5703
11,4973,6042,6212,3380,6286,3775,3080,6954,4885,6014,5120,4498,5173,7129,6617,5053,4253,5422,3670,5085,4210,5375,4906,3964,4230,5196,3573,6810,4637,5733,6657,5341,5551,7276,5162,6206,6793,6812,4588,4092,6037,4817,5445,3392,5462,5746,6849,4099,6923,3403,5809,6692,5741,5060,6651,2686,5886,5461,4625,3890,5197,5012,4274,6550,3661,5861,4479,4009,6082,5377,2988,4648,5385,6023,5761,5410,6835,3527,5203,5393,5964,5280,3377,6006,5332,4860,6280,6331,5773,6118,3163,5601,6448,5568,5159,3908,5661,4800,4849,5734
12,5019,6083,6279,3479,6378,5460,3201,6977,5001,6039,5195,4561,5224,7242,7196,5099,4461,5807,3707,5117,4232,5462,5708,4061,4253,5273,4397,6826,4666,5792,6670,5503,5615,7469,5323,6237,6883,6825,4612,4133,6105,6103,5466,5211,5480,5969,6869,4176,6932,4472,5846,6702,5795,5138,6712,3776,6045,5515,4670,3930,5270,5041,4354,6562,4177,5882,4519,4079,6110,5688,3133,4710,5782,6057,5844,5797,7078,3575,5243,5476,5998,5331,3411,6117,5454,4868,6507,6552,5802,6174,3425,5651,6862,5976,5184,4703,5777,4929,4866,5892
13,5551,6092,6319,4219,6419,5496,3481,7258,5126,6050,5655,5826,5280,7350,7251,5115,4847,5905,3792,5704,4309,5499,5831,5504,4362,6344,4462,7065,5875,5832,6751,5558,5638,7491,5669,6301,6934,6848,4674,4351,6810,6145,5503,5252,5627,6034,6929,4240,6970,4627,5969,6729,6059,5177,6856,3800,6069,5773,4754,4018,5281,5349,4369,6629,5632,5900,4576,4250,6817,5700,3167,6685,5798,6169,5862,5805,7114,3694,5649,5843,6211,5794,3466,6118,5498,4884,6714,6571,5835,6185,3478,5683,6944,6253,5199,5015,5784,4978,5006,5900
14,5652,6138,6778,4259,6448,5619,5337,7520,5155,6115,5776,5848,5319,7424,7283,5324,5707,5937,3804,5722,4368,5538,5894,5556,4651,6353,4561,7216,5898,5905,6984,5593,5660,7544,5702,6372,6945,6864,4714,4362,6897,6165,5555,5395,5640,6496,6950,4492,6992,4666,6097,6768,7223,5426,7374,3972,6376,5895,4883,4082,5424,5367,4406,7068,5669,6007,4686,4425,6847,5789,3459,6716,5948,6238,5895,5932,7267,3761,5708,5885,6230,5866,3504,6211,5565,5039,6769,6633,7124,6202,3581,7136,6953,6356,5380,5070,5823,5191,5035,6024
15,5678,6145,6832,4494,6487,5685,5424,7537,5202,6146,5788,5891,5601,7429,7340,5422,5951,6033,4383,6661,4388,5617,5930,5885,5218,6394,4604,7317,6107,5930,7141,5607,5673,7550,5744,6477,7020,6929,4741,5058,6925,6427,5563,5410,5672,6535,7220,4716,7140,4758,6290,6777,7326,5566,7383,4015,6378,5911,4912,4150,5440,5400,4550,7120,5684,6013,5071,4604,6863,5797,3751,6728,5968,6446,5904,5960,7281,4563,5884,5947,6299,5877,3583,6224,5587,5074,6795,6648,7129,6222,3668,7145,7092,6454,5435,5222,5832,5194,5058,6819
16,6088,6479,6849,4857,6831,5691,5460,7566,5380,6193,5901,5960,5718,7463,7479,5594,5991,6044,4421,6664,4557,5703,5937,5923,5310,6450,4816,7331,6137,5949,7220,5628,5714,7566,5780,6563,7064,6954,4955,5094,6960,6433,5589,5457,5724,6602,7227,4738,7382,6689,6332,6916,7548,5612,7404,4065,6550,5930,5071,4166,5855,5440,5773,7133,5719,6034,6027,4641,6880,5842,5413,6773,6082,6467,5935,6005,7287,5704,6675,6541,6317,5985,3655,6258,6339,5141,6804,6674,7196,6267,3745,7159,7268,6478,5474,5228,6548,5221,5085,6968
17,6469,6503,6872,5419,6970,5729,5482,7567,5757,6632,6030,5968,6664,7615,7508,5612,6017,6065,4589,6695,4610,6424,6569,5932,5328,6893,4972,7350,6206,6120,7538,5790,5721,7576,5789,6583,7073,6977,5556,5234,7053,6476,5827,5532,5780,6608,7333,5184,7393,6830,6361,6964,7562,5660,7420,4099,6554,5954,5127,4179,6164,5605,5858,7140,5807,6059,6033,4686,6931,5875,5450,6856,6145,6501,6677,6046,7328,5809,6679,6623,6343,6644,3809,6278,6373,5665,6877,6696,7416,6543,4577,7278,7282,6490,5602,5239,6633,5259,5375,6989
18,6502,6516,6893,5460,6993,5756,5590,7588,5894,6649,6039,6001,6876,7623,7535,5705,6158,6256,4971,6710,6017,6452,7502,5955,5364,6935,4978,7380,6386,6142,7640,5891,5768,7601,5812,6820,7091,7165,5618,5980,7069,6499,5947,5547,5872,6622,7391,5192,7427,6834,6450,6964,7565,5748,7429,4857,6568,6145,5177,4527,6208,5738,5880,7149,5932,6236,6369,4729,6999,5885,5758,6922,6150,6516,6718,6075,7488,6062,6698,6961,6351,6660,3880,6323,6386,5729,6883,6839,7430,6705,4997,7304,7296,6516,5620,5279,6810,6477,5514,7000
19,6526,6605,6947,5519,7083,5762,5631,7606,6036,6666,7359,6298,6882,7628,7785,6093,6169,6275,5039,6871,6028,6689,7510,6160,5382,7133,5015,7417,6457,6449,7666,5952,5827,7620,5928,6840,7114,7170,5625,6071,7086,6518,6034,5818,6204,6652,7445,5229,7473,7304,6636,7442,7575,5788,7448,4912,6778,6175,5228,4551,6212,5777,5948,7163,5945,6254,6373,6051,7165,5886,5794,6937,6169,6534,6750,6111,7500,6177,6809,6970,6948,6678,4000,6409,6598,5857,6929,6877,7560,6728,5570,7374,7315,6614,5737,5318,6894,6532,5538,7016
20,6602,6685,6956,5837,7090,5817,5947,7613,6041,7084,7368,6320,6897,7632,7790,6101,6447,6573,5099,6889,6054,6703,7559,6163,5464,7179,5101,7761,6483,6457,7728,5983,5831,7660,5936,6983,7247,7190,5940,6093,7090,6535,6050,6020,6755,6739,7475,5239,7483,7523,6658,7456,7589,5811,7460,5030,6786,6188,5277,6009,6265,5784,6025,7321,5966,6279,6380,6251,7202,5943,6598,6949,6513,6568,6752,6142,7513,6195,6812,7043,6956,6895,4057,6418,6619,6472,6950,6904,7574,6907,5734,7393,7368,6697,5770,5468,6909,6947,5842,7030
21,6620,6901,7136,5861,7101,6037,6027,7638,6058,7249,7386,6449,6903,7645,7802,6114,6470,7055,5103,6923,6070,6727,7581,6167,5480,7503,5157,7888,6562,6506,7827,6111,5869,7668,6122,7033,7275,7561,5969,6316,7113,6569,6088,6849,6846,6756,7565,5295,7562,7598,6660,7483,7764,5820,7461,5055,6918,6276,5481,6039,6532,5792,6279,7375,5984,6568,6402,6266,7320,5974,6850,7146,6595,6575,6775,6164,7770,6228,6979,7052,6966,6907,4210,6695,6835,6476,6964,7394,7604,6919,6697,7432,7368,6924,5788,5726,6918,6959,5869,7073
22,6626,7001,7144,5875,7115,6055,6031,7726,6284,7393,7393,6462,6927,7680,7805,6166,6472,7057,5156,6933,6161,6737,7590,6203,5491,7585,5242,7891,7501,6560,7832,6198,6080,7692,6128,7229,7296,7577,5975,6333,7131,6626,6398,6858,6859,6761,7579,5342,7567,7605,6672,7486,7786,6267,7526,5197,6930,6283,5490,6145,6562,6633,6361,7375,6019,6604,6405,6294,7332,6071,6858,7160,6617,6973,6780,6195,7786,6250,7007,7094,7020,6916,4316,6696,7785,6507,6982,7419,7682,6972,6703,7445,7390,7002,5811,5750,6919,6966,5880,7193
23,6642,7232,7244,5898,7247,6071,6079,7748,6288,7405,7408,6477,6934,7692,7824,6219,6976,7064,5170,7122,6175,6778,7664,6224,5517,7591,5351,7924,7510,6585,7950,6213,6186,7779,6782,7570,7335,7579,6001,6356,7135,6649,6613,6865,6870,6792,7600,5375,7575,7625,6674,7494,7791,6283,7527,5241,7224,6351,5496,6167,6581,6660,6508,7384,6129,6630,6431,6387,7467,6094,7006,7208,6668,7026,6794,6212,7825,6264,7077,7173,7023,6940,4401,6709,7790,6590,6987,7429,7687,6992,6731,7553,7392,7016,6117,5779,7061,7801,6156,7201
24,6668,7282,7275,5921,7405,6108,6402,7789,6305,7443,7428,6508,6973,7700,7833,6298,7076,7077,5212,7180,6256,6851,7741,6238,5553,7599,5386,7961,7520,6710,7958,6247,6203,7800,6892,7576,7344,7581,6015,6367,7193,6659,6621,7147,6896,6814,7606,5395,7603,7637,6693,7565,7802,6366,7537,6183,7235,6460,5541,6237,6957,6675,6510,7386,6142,6646,6462,6530,8065,6104,7051,7227,6727,7036,6803,6225,7838,6347,7080,7187,7069,7065,4427,6712,7791,6748,7102,7440,7806,7011,6736,7564,7396,7036,6451,5804,7184,7831,6297,7217
25,6672,7313,7294,5940,7421,6246,6446,8060,6318,7454,7437,6510,6987,7744,7846,6309,7087,7090,5526,7181,6263,6900,7745,6876,5577,7608,5424,8021,7533,6720,7964,6282,6216,7813,6915,7583,7483,7588,6071,6371,7195,7077,6640,7191,6911,6827,7700,5894,7759,7690,6700,7570,7813,6428,7547,6211,7643,6605,5573,6532,6990,6705,6534,7601,6230,6730,6534,6673,8072,6113,7145,7231,6877,7041,6960,6244,7845,6555,7150,7222,7093,7160,4610,6754,7793,6758,7287,7447,7814,7014,6797,7572,7480,7041,6465,7258,7198,8050,6933,7372
26,7167,7338,7297,6749,7435,6271,6646,8062,6343,7458,7493,6543,7019,7787,7857,6321,7437,7094,5582,7350,6283,6950,7808,6889,5596,7614,5508,8033,7543,6793,7968,6592,6229,7813,6930,7628,7487,7651,6165,6410,7209,7238,6687,7209,6932,6831,7948,5895,7770,7895,6761,7592,7833,6452,7555,6218,7649,6640,5605,6534,7042,6790,6541,7604,6232,6735,6561,6691,8141,6142,7157,7291,7778,7492,7334,6430,7911,6577,7221,7262,7107,7171,4820,6767,7830,6774,7300,7448,7846,7057,6808,7643,7487,7049,6484,7322,7216,8080,6961,7384
27,7181,7349,7299,6771,7435,6300,6789,8065,6373,7500,7500,7018,7037,7795,7867,6325,7476,7102,5612,7369,6288,6968,7885,7410,5612,7628,5516,8079,7552,6802,7980,6607,6246,7820,7013,7646,7606,7653,6685,6415,7212,7248,6769,7222,7706,6838,8360,5928,7805,7949,6979,7597,7857,6579,7563,6247,7886,6646,5727,6566,7226,6802,7229,7608,6325,6799,6575,6725,8144,6152,7161,7300,7962,7503,7416,6439,7913,6580,7382,7273,7120,7315,4907,6923,8114,6944,7313,7489,7927,7071,6837,7654,7768,7050,6609,7324,7255,8147,7057,7396
28,7225,7502,7366,6975,7465,6305,6805,8074,6392,7502,7882,7061,7039,7828,7870,6334,7482,7108,5649,7375,6294,7182,7892,7426,5674,7696,5532,8086,7570,7240,7983,6623,6294,7895,7053,7648,7622,7662,6689,6422,7553,7256,7727,7250,7714,7044,8450,5933,7807,8069,7013,7605,8150,6600,7609,6275,7950,6667,6551,6948,7229,6819,7234,7781,6374,6811,6642,7310,8146,6185,7174,7313,7975,7583,7428,6638,8174,6582,7392,7291,7121,7316,6158,6980,8121,6961,7342,7498,7977,7093,6852,7659,7801,7082,6669,7366,7273,8150,7088,7429
29,7291,7532,7381,7011,7478,6562,7009,8076,6475,7504,7887,7075,7103,7829,7894,6386,7500,7110,5921,7384,6301,7201,7934,7433,6030,7706,5593,8089,7573,7253,7984,6639,6319,7924,7070,7756,7636,7688,7165,6493,7564,7393,7729,7414,7725,7053,8457,5999,7837,8071,7017,7608,8158,6631,7610,6365,8009,6678,6611,7066,7287,6837,7379,7791,6454,6825,6677,7323,8148,6208,7318,7315,8022,7595,7528,6721,8278,6606,7408,7342,7143,7325,6254,6998,8126,6976,7372,7499,8147,7110,6970,7685,7805,7474,6687,7383,7282,8151,7090,7431
30,7325,7540,7397,7019,7508,6576,7136,8102,6493,7512,7888,7076,7152,7845,8335,6633,7541,7170,5988,7388,6316,7223,7936,7438,6055,7715,5637,8107,7701,7290,8051,6690,6325,7935,7449,7856,7671,7698,7180,6517,7567,7407,7739,7416,7737,7199,8462,6186,7944,8081,7024,7615,8230,6648,7620,6387,8021,6799,6625,7073,7296,6999,7438,7799,6459,6885,6696,7331,8158,6273,7478,7318,8040,7843,7616,6760,8282,7230,7438,7737,7159,7618,6264,7014,8128,6995,7378,7514,8159,7111,7000,7715,7814,7484,6696,7389,7311,8163,7100,7461
31,7335,7896,7451,7029,7536,6650,7159,8110,6497,7529,7890,7483,7170,7854,8338,6764,7592,7202,6001,7620,6370,7244,7942,7449,6079,7719,5663,8122,7726,7404,8058,6776,6336,7940,7488,7881,7683,7699,7221,6526,7569,7416,7744,7507,7751,7302,8514,6780,7960,8106,7068,7629,8232,7271,7625,6564,8136,6813,6666,7166,7345,7065,7476,7808,6484,6908,6708,7344,8160,6287,7540,7336,8040,7865,7942,6996,8286,7410,7452,7760,7166,7622,6296,7072,8145,7007,7494,7549,8166,7192,7009,7718,7844,7495,6718,7788,7326,8305,7526,7469
32,7694,7947,7462,7039,7577,6881,7163,8116,6505,7540,7900,7509,7199,7866,8355,6777,7647,7329,6006,8194,6399,7262,7944,7500,6115,7788,5673,8127,7830,7419,8127,6785,6350,7940,7523,7890,7696,7705,7228,6546,7662,7418,7755,7615,7776,7994,8517,7066,8054,8165,7076,7717,8234,7296,7626,6570,8145,6890,6695,7177,7996,7081,7492,7909,6498,6932,6712,7431,8292,6316,7555,7439,8237,7894,7947,7009,8290,7411,7481,7783,7307,7622,6358,7089,8174,7086,7515,7782,8175,7517,7019,7725,7848,7512,6739,7795,7421,8306,7556,7479
33,7723,7975,7504,7049,7600,6895,7187,8125,6520,7551,7901,7539,7570,7873,8357,6789,7657,7334,6215,8200,6920,7276,8028,7507,6309,7900,5801,8140,7869,7432,8129,6807,6420,7945,7527,8153,7710,7730,7254,6691,7870,7710,7762,7621,7812,8015,8517,7085,8061,8173,7081,7755,8245,7304,7655,6587,8151,6894,6815,7179,8019,7083,7494,7913,6540,7265,6721,7545,8297,6421,7588,7488,8240,7996,7947,7018,8294,7431,7505,7795,7321,7628,6373,7101,8176,7098,7536,7790,8210,7689,7031,7763,7850,7514,7263,7804,7497,8361,7673,7492
34,7724,7985,7517,7086,7603,6909,7196,8207,6543,7557,7929,7540,7575,7881,8375,6807,7659,7380,6237,8203,6955,7284,8028,7549,6325,7912,6059,8249,7870,7450,8300,6812,6436,7963,7532,8158,7716,7740,7664,6698,7886,7714,7970,7624,7834,8018,8551,7143,8081,8177,7217,7760,8250,7315,7670,6597,8152,6906,6989,7220,8030,7100,7496,7914,6549,7617,6726,7550,8301,6470,7602,7499,8245,7997,7951,7037,8297,7438,7630,7825,7322,7629,6417,7103,8183,7099,7545,7796,8222,7726,7038,7765,7859,7519,7296,7805,7545,8366,7675,7571
35,7737,7991,7522,7088,8151,6919,7455,8209,6560,7564,7931,7567,7713,7886,8489,6825,7659,7396,6405,8211,6965,7307,8033,7647,6418,7913,6093,8249,7871,7465,8303,6943,6476,7972,7536,8166,7725,7744,7668,6698,7890,7723,7973,8125,7852,8025,8597,7160,8085,8186,7230,7772,8375,7402,7682,6733,8154,6916,6994,7626,8039,7461,7549,7939,6564,7633,6733,7552,8302,6531,7603,7501,8324,8009,7963,7048,8301,7446,7641,7834,7337,7645,6438,7144,8220,7130,7560,7797,8228,7739,7078,7774,7938,7526,7330,8001,7611,8369,7677,7573
36,7760,8001,7555,7164,8175,6932,7758,8283,7308,7577,7990,7577,7715,8116,8490,7253,7674,7407,6495,8246,6977,7327,8101,7678,6424,7925,6176,8250,7877,7531,8313,6961,6477,7987,7833,8200,7732,7787,7686,6720,8334,7726,7982,8139,7858,8027,8597,7172,8091,8240,7236,7812,8518,7677,7698,6754,8158,7135,6995,7635,8041,7471,7557,8388,6582,7668,6899,7605,8306,6557,7621,7504,8327,8062,7963,7129,8304,7471,7653,7841,7342,7665,6455,7233,8228,7149,7565,7946,8237,7742,7081,7777,7994,7661,7336,8007,7616,8419,7682,7603
37,7856,8066,7676,7166,8216,6941,7771,8283,7319,7614,8021,7578,7803,8117,8493,7605,7680,7426,6545,8256,7007,7331,8320,7687,6488,8101,6309,8257,7883,7541,8377,6972,6487,8080,7895,8207,7734,7793,7689,6726,8345,7729,8202,8149,8128,8027,8649,7630,8099,8244,7286,7817,8522,7686,7796,6768,8159,7136,7039,7685,8080,7478,7570,8421,7129,7676,6949,7632,8312,6575,7626,7641,8338,8069,8000,7134,8319,7474,7665,7850,7350,7674,6465,7265,8238,7179,7576,7951,8239,7745,7111,7783,8011,7664,7359,8214,7647,8420,7693,7616
38,7858,8069,7680,7192,8221,6980,7793,8292,7396,7616,8033,7581,7805,8219,8538,7646,7749,7437,6608,8262,7199,7343,8469,7694,6489,8107,6315,8267,7935,7580,8388,6990,6494,8107,7896,8208,7745,7817,7694,7178,8348,7913,8325,8155,8136,8097,8651,7636,8102,8322,7357,8040,8541,7688,7803,7367,8160,7140,7052,7711,8147,7485,7571,8422,7272,7691,6972,7646,8313,6640,7638,7655,8339,8080,8069,7243,8335,7626,7668,7894,7355,7683,6469,7282,8280,7256,7601,7961,8251,7974,7139,7840,8013,7669,7373,8349,7935,8444,7694,7636
39,7865,8088,7712,7234,8289,7174,7802,8319,8074,7622,8256,7903,7810,8288,8561,7648,7754,7456,6664,8278,7202,7382,8471,7700,6565,8108,6339,8268,7939,7585,8390,7002,6499,8113,7901,8209,7758,7865,7704,7182,8398,7937,8330,8169,8139,8142,8653,7706,8102,8335,7362,8042,8546,7694,7821,8084,8161,7158,7060,7711,8152,7497,7595,8423,7277,7707,7004,7650,8313,6646,7639,7689,8344,8080,8077,7252,8350,7641,7682,7909,7359,7748,6497,7293,8297,7343,7608,7984,8251,7978,7153,7856,8014,7670,7380,8357,8028,8448,7696,7640
40,7916,8090,7719,7240,8405,7189,7837,8372,8075,7658,8261,7906,8035,8347,8567,7653,7758,7744,6698,8294,7205,7426,8477,7705,6568,8115,6499,8275,7942,7600,8398,7025,6520,8120,7909,8336,7759,7878,7717,7184,8400,7955,8331,8222,8191,8185,8686,7711,8105,8335,7388,8049,8547,7701,7827,8104,8167,7165,7061,7765,8155,7501,7616,8451,7343,7735,7079,7654,8326,6768,7644,7696,8344,8081,8085,7584,8354,7664,7686,7916,7383,7779,6544,7349,8299,7392,7620,8000,8321,7983,7168,7890,8018,7676,7417,8362,8034,8453,7700,7656
41,7925,8095,7728,7251,8412,7214,7874,8380,8141,7724,8294,7907,8047,8352,8572,7715,7763,7748,7195,8361,7216,7430,8492,7707,7117,8115,6665,8288,7943,7601,8410,7035,6611,8121,7914,8371,7811,7884,7725,7285,8480,7966,8335,8231,8195,8190,8686,7715,8267,8337,7456,8058,8547,7728,7851,8133,8171,7213,7115,7769,8220,7502,7623,8504,7376,7759,7471,7659,8326,6811,7652,7704,8351,8153,8103,8193,8447,7671,7893,7926,7396,8047,6984,7758,8356,7410,7746,8039,8321,8015,7186,7917,8021,7938,7494,8438,8092,8467,7705,7663
42,7936,8097,7733,7263,8413,7225,7911,8397,8158,7789,8297,7914,8064,8360,8574,7716,7777,8003,7206,8362,7260,7440,8496,7770,7119,8128,6688,8291,7956,7608,8415,7144,6639,8170,7915,8371,7813,7894,7736,7287,8484,8032,8337,8241,8206,8191,8707,7739,8328,8338,7497,8060,8552,7791,7922,8144,8174,7226,7172,7792,8261,7508,7682,8506,7377,7759,7599,7665,8331,6985,7676,7755,8352,8153,8153,8194,8447,7674,7894,7927,7396,8061,7080,7766,8370,7759,7752,8043,8338,8035,7240,8065,8094,7940,7516,8445,8126,8471,7714,7678
43,7959,8098,7742,7997,8417,7227,7914,8408,8183,7885,8315,7919,8161,8362,8584,7724,7778,8010,7207,8368,7283,7499,8497,7772,7140,8326,6823,8480,8051,7904,8425,7348,6672,8176,7915,8371,7815,7909,7746,7630,8488,8038,8389,8246,8206,8208,8717,7742,8337,8341,7544,8061,8579,7828,7946,8144,8222,7294,7175,7798,8282,7517,7690,8536,7483,7762,7623,7670,8331,7020,7857,7768,8354,8155,8173,8196,8482,7751,7904,7932,7505,8062,7087,7767,8461,7825,7774,8068,8339,8043,7280,8068,8099,7946,7521,8447,8128,8477,8215,7711
44,7964,8100,7747,8000,8418,7240,7916,8524,8185,7909,8316,7936,8166,8365,8589,7731,7783,8062,7427,8404,7445,7499,8513,7778,7399,8328,6841,8483,8073,7910,8431,7755,6688,8210,7949,8375,7833,7954,7746,7634,8517,8088,8390,8396,8213,8211,8752,7746,8339,8379,7551,8306,8581,7833,7948,8151,8383,7695,7188,7811,8289,7876,7695,8671,7491,7768,7705,7684,8343,7027,7864,7808,8358,8156,8176,8202,8487,7979,7926,7956,7514,8067,7099,7771,8463,7834,7790,8070,8364,8048,7288,8070,8100,7954,7535,8448,8128,8522,8355,7712
45,8183,8130,7807,8231,8420,7953,7920,8528,8185,7920,8317,7941,8173,8370,8645,7865,7793,8065,7456,8405,7638,7528,8516,7825,7407,8331,6856,8611,8076,7918,8441,7762,6922,8315,8082,8375,7857,7965,7746,7645,8519,8095,8393,8397,8224,8212,8753,7784,8340,8383,7573,8306,8584,7838,7951,8159,8429,7792,7188,7835,8289,7919,7705,8671,7503,7780,7729,7690,8347,7080,7937,7867,8365,8158,8186,8217,8492,7980,7926,7964,7531,8071,7170,7876,8474,7837,7796,8120,8367,8070,7295,8274,8104,7959,7545,8449,8132,8523,8355,7718
46,8186,8221,7870,8237,8421,8004,7921,8620,8217,7943,8355,7945,8178,8370,8649,7891,7892,8068,7464,8433,7645,7537,8518,7849,7491,8358,7832,8613,8289,7926,8446,7917,6988,8319,8088,8377,8109,7982,7782,7647,8558,8098,8397,8441,8233,8227,8754,7962,8342,8393,7634,8319,8586,7839,8054,8213,8436,7865,7192,7836,8346,7949,7997,8676,7504,7782,7736,7719,8357,7254,7941,7875,8370,8168,8252,8223,8492,7987,7928,7970,7599,8071,7174,8387,8481,7858,7800,8126,8373,8077,7296,8279,8275,8011,7552,8452,8133,8645,8356,7722
47,8188,8230,7871,8246,8425,8015,8011,8625,8221,7943,8366,7969,8185,8394,8657,7893,7954,8074,7487,8439,7670,7548,8523,7850,7514,8359,7904,8615,8297,7930,8449,7918,7001,8321,8090,8379,8181,7988,7785,7686,8676,8159,8401,8454,8253,8230,8759,8138,8357,8394,7644,8367,8608,7844,8059,8248,8461,7895,7258,7837,8347,7961,8047,8680,7514,7793,7792,7724,8363,7264,7942,7893,8382,8192,8305,8224,8540,8006,7937,7972,8179,8073,7257,8388,8494,7869,7979,8192,8519,8079,7563,8292,8283,8013,7554,8452,8164,8647,8368,7725
48,8191,8239,7875,8430,8426,8016,8038,8631,8221,7951,8378,7975,8227,8401,8662,7897,7960,8075,7489,8456,7703,7558,8527,7858,7530,8368,7931,8616,8301,7936,8457,7932,7074,8360,8298,8380,8183,7989,7792,7751,8678,8165,8407,8459,8325,8238,8760,8144,8358,8394,7646,8371,8608,7855,8067,8274,8464,7896,7270,7848,8351,8061,8054,8688,7526,7798,7796,7769,8370,7275,7945,7935,8387,8197,8315,8242,8546,8009,8012,7980,8181,8083,7384,8390,8502,7902,8214,8194,8522,8097,7891,8309,8284,8047,7559,8509,8172,8666,8369,7760
49,8197,8239,7893,8432,8455,8042,8450,8668,8224,7999,8414,7978,8242,8401,8662,7900,8097,8091,7491,8458,7760,7566,8527,7879,7549,8371,7937,8616,8338,7937,8497,7980,7937,8366,8301,8385,8187,7991,7854,7789,8678,8167,8445,8463,8371,8238,8761,8192,8361,8410,7654,8372,8616,7897,8069,8397,8468,7918,7275,7855,8357,8069,8073,8695,7540,7837,7797,7770,8371,7279,7951,7944,8396,8208,8380,8246,8549,8067,8017,8062,8185,8089,7392,8395,8507,7910,8216,8202,8535,8143,7905,8352,8290,8054,7567,8516,8280,8666,8483,8010
50,8260,8247,7917,8435,8503,8288,8452,8674,8234,8186,8420,8030,8243,8403,8701,7902,8101,8096,7493,8460,7771,7568,8530,7932,8159,8373,7939,8617,8338,7943,8572,7988,7943,8367,8304,8387,8207,7993,8084,7791,8679,8168,8450,8481,8424,8244,8764,8200,8364,8413,7957,8376,8617,7966,8069,8459,8470,8002,7281,7861,8359,8071,8080,8706,7664,7839,7808,7980,8401,8006,7963,7946,8411,8211,8394,8247,8554,8284,8019,8063,8197,8090,7516,8398,8556,7913,8245,8205,8579,8146,7933,8353,8311,8068,7616,8518,8283,8704,8490,8020
51,8265,8255,8007,8467,8551,8297,8604,8675,8246,8195,8453,8041,8246,8405,8703,7912,8104,8102,7552,8607,7783,7755,8571,7964,8163,8375,8141,8619,8359,7948,8574,8060,8146,8506,8307,8391,8208,7994,8092,7803,8682,8222,8452,8482,8475,8252,8773,8216,8367,8413,8045,8379,8621,7969,8094,8464,8473,8007,7291,7871,8372,8090,8106,8706,7881,7941,7872,8124,8452,8098,7982,7951,8414,8224,8398,8248,8554,8285,8040,8070,8236,8264,7631,8404,8562,7920,8257,8207,8581,8157,7934,8356,8337,8125,7699,8518,8295,8706,8492,8021
52,8301,8259,8024,8490,8555,8393,8606,8675,8251,8199,8453,8045,8252,8413,8705,7965,8107,8121,7556,8630,7793,7783,8580,7988,8175,8381,8141,8652,8370,8037,8581,8060,8147,8506,8314,8426,8330,7995,8093,7811,8682,8257,8456,8485,8477,8253,8776,8221,8371,8415,8057,8383,8622,7971,8164,8465,8500,8011,7296,7874,8375,8098,8184,8711,7888,7941,7882,8129,8455,8316,7990,7991,8426,8259,8400,8299,8555,8293,8046,8071,8244,8264,7660,8418,8569,7929,8305,8209,8582,8163,7956,8358,8657,8128,7797,8549,8295,8711,8504,8027
53,8305,8291,8030,8493,8583,8397,8637,8675,8254,8233,8565,8051,8260,8415,8705,7977,8111,8127,7916,8630,7800,7788,8613,7990,8240,8391,8349,8652,8377,8040,8584,8061,8157,8639,8346,8434,8332,7997,8093,8297,8683,8259,8458,8486,8484,8257,8777,8255,8513,8417,8216,8384,8623,7989,8174,8468,8505,8037,7308,7877,8378,8104,8228,8731,8031,8025,7890,8137,8456,8437,7996,7997,8428,8273,8402,8313,8628,8297,8053,8076,8295,8282,7660,8422,8604,8153,8315,8209,8588,8229,8002,8432,8666,8135,7870,8551,8297,8714,8506,8027
54,8305,8483,8036,8493,8588,8397,8734,8680,8450,8234,8565,8105,8262,8420,8706,7978,8130,8140,7922,8630,7828,7813,8613,7992,8241,8401,8525,8658,8378,8045,8588,8102,8160,8640,8348,8436,8334,8014,8094,8299,8684,8274,8582,8487,8489,8258,8790,8272,8516,8428,8228,8389,8625,7992,8177,8471,8505,8065,7325,7884,8380,8318,8233,8732,8052,8061,7892,8139,8472,8547,8000,8002,8432,8278,8408,8319,8631,8299,8252,8082,8359,8429,7719,8424,8604,8165,8344,8214,8651,8232,8006,8461,8669,8138,8103,8555,8303,8722,8510,8029
55,8306,8483,8036,8500,8602,8449,8735,8683,8570,8246,8566,8114,8263,8425,8742,8003,8168,8142,7927,8636,7832,7907,8618,7993,8244,8695,8525,8658,8388,8045,8593,8107,8171,8644,8354,8440,8338,8041,8105,8314,8697,8446,8592,8499,8494,8382,8804,8274,8518,8432,8233,8474,8628,7998,8207,8498,8547,8065,7326,7961,8554,8322,8243,8735,8098,8068,7909,8151,8476,8549,8023,8005,8455,8326,8410,8320,8631,8302,8254,8083,8396,8432,7722,8424,8608,8198,8503,8243,8652,8243,8095,8466,8670,8141,8125,8563,8319,8724,8517,8042
56,8359,8494,8086,8509,8608,8452,8738,8685,8573,8247,8576,8116,8267,8425,8772,8010,8172,8146,7932,8638,7911,7964,8618,7999,8263,8698,8544,8725,8391,8061,8594,8116,8235,8647,8354,8454,8350,8045,8484,8326,8702,8447,8596,8500,8521,8388,8804,8288,8552,8433,8233,8478,8641,8003,8215,8501,8551,8074,7328,7978,8554,8384,8247,8738,8111,8075,7939,8296,8478,8587,8027,8029,8456,8330,8417,8325,8631,8304,8258,8085,8400,8434,7728,8427,8643,8201,8514,8278,8655,8263,8110,8477,8676,8142,8131,8575,8322,8727,8520,8047
57,8361,8612,8163,8513,8608,8454,8738,8688,8573,8265,8580,8120,8369,8429,8773,8129,8174,8148,7938,8638,7917,7965,8619,8129,8390,8699,8550,8734,8423,8070,8608,8134,8282,8649,8672,8455,8355,8252,8486,8330,8705,8448,8713,8501,8526,8431,8805,8298,8575,8435,8251,8498,8643,8026,8238,8528,8555,8097,7337,8031,8577,8389,8250,8741,8135,8080,7944,8296,8484,8595,8028,8299,8459,8335,8419,8366,8635,8652,8592,8091,8405,8436,7735,8428,8645,8205,8515,8283,8659,8268,8116,8520,8677,8315,8137,8576,8327,8728,8526,8260
58,8362,8616,8181,8520,8616,8459,8748,8710,8656,8269,8585,8123,8383,8430,8773,8272,8239,8171,8028,8642,7922,7971,8620,8133,8405,8702,8552,8734,8424,8072,8630,8169,8286,8653,8679,8488,8357,8439,8486,8338,8706,8452,8713,8507,8545,8442,8807,8300,8577,8439,8253,8536,8660,8041,8394,8662,8555,8100,7349,8051,8577,8391,8252,8797,8136,8127,7952,8310,8485,8597,8046,8301,8459,8455,8420,8372,8638,8655,8619,8096,8410,8447,7800,8428,8648,8207,8517,8614,8660,8398,8119,8522,8711,8315,8144,8586,8353,8808,8528,8266
59,8365,8650,8190,8521,8619,8485,8751,8712,8657,8292,8655,8129,8392,8431,8801,8273,8246,8173,8028,8651,7931,7978,8626,8137,8407,8707,8561,8735,8427,8078,8630,8174,8339,8655,8713,8488,8363,8466,8491,8340,8709,8452,8726,8614,8549,8444,8813,8304,8594,8442,8259,8537,8661,8249,8399,8721,8561,8100,7352,8051,8608,8422,8277,8805,8141,8138,8157,8329,8487,8630,8061,8302,8479,8459,8423,8373,8644,8656,8651,8139,8411,8450,7804,8433,8649,8207,8521,8617,8663,8401,8122,8524,8725,8319,8164,8595,8361,8810,8530,8274
60,8367,8650,8194,8546,8648,8487,8758,8712,8657,8301,8657,8129,8392,8437,8806,8302,8246,8177,8046,8653,8183,7984,8627,8141,8411,8707,8563,8737,8478,8240,8631,8327,8345,8659,8715,8495,8371,8484,8496,8350,8735,8523,8727,8629,8550,8445,8813,8308,8594,8445,8259,8564,8662,8251,8402,8730,8561,8103,7497,8054,8610,8437,8280,8809,8195,8156,8164,8377,8575,8635,8212,8308,8523,8465,8425,8376,8649,8660,8653,8172,8412,8484,7809,8466,8650,8210,8526,8630,8664,8401,8131,8539,8735,8334,8167,8597,8363,8811,8530,8277
61,8371,8680,8205,8561,8648,8491,8761,8712,8727,8304,8658,8136,8396,8448,8807,8464,8255,8186,8055,8657,8184,7984,8631,8143,8516,8734,8564,8738,8479,8257,8634,8329,8346,8664,8716,8497,8380,8491,8519,8410,8739,8561,8729,8630,8565,8447,8814,8319,8608,8477,8263,8565,8662,8251,8402,8732,8564,8111,7540,8130,8618,8441,8285,8810,8197,8195,8170,8377,8577,8639,8273,8314,8528,8466,8429,8409,8649,8714,8655,8173,8479,8486,7847,8470,8651,8214,8526,8666,8665,8404,8133,8539,8748,8344,8184,8616,8379,8821,8531,8301
62,8659,8681,8357,8561,8661,8496,8764,8722,8731,8336,8659,8205,8397,8454,8807,8468,8258,8190,8062,8659,8254,8002,8635,8147,8524,8750,8565,8765,8483,8258,8643,8358,8362,8683,8724,8500,8380,8495,8522,8517,8741,8563,8732,8655,8567,8451,8823,8325,8640,8627,8266,8566,8667,8252,8405,8733,8568,8117,7654,8495,8623,8444,8287,8819,8230,8239,8194,8387,8578,8649,8277,8314,8528,8512,8429,8414,8653,8733,8658,8175,8496,8517,7848,8473,8653,8217,8529,8667,8667,8405,8137,8544,8751,8355,8231,8620,8380,8821,8532,8306
63,8677,8681,8375,8562,8661,8499,8768,8722,8731,8342,8662,8223,8403,8462,8810,8498,8259,8224,8065,8659,8258,8082,8642,8147,8526,8750,8570,8800,8484,8258,8645,8360,8368,8683,8726,8501,8387,8507,8527,8519,8749,8564,8734,8658,8569,8454,8826,8342,8641,8630,8601,8569,8699,8253,8405,8745,8579,8117,7664,8504,8624,8446,8407,8822,8231,8417,8195,8388,8593,8650,8296,8318,8530,8512,8448,8428,8690,8733,8679,8200,8537,8520,8059,8483,8653,8221,8534,8670,8672,8408,8140,8548,8769,8375,8240,8624,8386,8824,8536,8307
64,8679,8682,8376,8577,8663,8512,8768,8727,8732,8344,8663,8223,8406,8462,8813,8498,8277,8227,8068,8684,8273,8101,8696,8218,8543,8753,8572,8803,8485,8262,8647,8375,8372,8683,8730,8540,8388,8537,8624,8531,8752,8570,8734,8770,8607,8459,8826,8343,8644,8633,8602,8571,8701,8370,8432,8745,8585,8117,7673,8504,8637,8451,8409,8824,8233,8439,8201,8690,8596,8654,8311,8322,8531,8515,8729,8436,8709,8747,8685,8208,8540,8577,8431,8484,8657,8224,8537,8675,8684,8424,8189,8548,8769,8379,8250,8628,8389,8826,8540,8310
65,8679,8682,8388,8699,8667,8513,8768,8729,8741,8390,8664,8226,8462,8467,8815,8540,8283,8234,8096,8685,8325,8107,8699,8226,8553,8754,8573,8803,8489,8298,8651,8380,8377,8685,8735,8540,8389,8544,8653,8534,8756,8578,8745,8773,8607,8460,8843,8344,8658,8639,8619,8588,8710,8379,8433,8749,8587,8123,7674,8504,8638,8457,8415,8826,8255,8444,8207,8693,8598,8655,8337,8327,8544,8525,8730,8473,8709,8760,8688,8347,8542,8582,8431,8643,8677,8224,8555,8676,8688,8426,8191,8552,8782,8380,8265,8660,8390,8827,8545,8314
66,8731,8685,8392,8750,8702,8513,8772,8733,8777,8395,8667,8228,8465,8471,8817,8553,8287,8260,8099,8686,8328,8128,8703,8226,8558,8757,8616,8807,8491,8302,8654,8380,8384,8687,8736,8614,8407,8585,8656,8535,8765,8583,8748,8774,8608,8462,8843,8349,8665,8641,8619,8605,8711,8386,8434,8750,8604,8131,7680,8506,8641,8458,8416,8843,8261,8448,8210,8702,8600,8658,8348,8329,8548,8525,8754,8485,8709,8760,8691,8351,8563,8582,8469,8643,8680,8228,8653,8678,8688,8429,8236,8564,8786,8380,8268,8660,8503,8830,8550,8314
67,8732,8686,8415,8761,8703,8513,8780,8733,8787,8422,8682,8251,8470,8473,8817,8594,8289,8264,8159,8686,8339,8131,8705,8233,8593,8766,8619,8816,8557,8335,8654,8383,8473,8689,8753,8636,8410,8586,8657,8535,8768,8600,8748,8775,8608,8467,8843,8385,8671,8654,8631,8606,8728,8387,8435,8752,8607,8136,7695,8531,8644,8464,8418,8845,8267,8455,8212,8715,8602,8660,8350,8345,8551,8525,8760,8543,8712,8760,8760,8353,8563,8605,8470,8713,8680,8302,8655,8682,8698,8433,8236,8567,8790,8405,8606,8666,8507,8846,8551,8319
68,8735,8690,8418,8761,8706,8546,8782,8735,8788,8423,8691,8254,8481,8476,8818,8603,8293,8266,8183,8688,8341,8137,8706,8235,8594,8767,8627,8825,8681,8337,8677,8385,8481,8690,8759,8636,8435,8590,8660,8665,8778,8601,8752,8777,8624,8469,8857,8387,8681,8680,8632,8611,8731,8442,8436,8757,8609,8139,7742,8668,8650,8466,8437,8845,8271,8486,8220,8718,8603,8665,8352,8352,8555,8530,8761,8543,8807,8761,8762,8396,8571,8607,8472,8714,8680,8316,8655,8695,8698,8435,8277,8568,8790,8406,8608,8668,8511,8849,8667,8377
69,8735,8694,8420,8764,8708,8554,8783,8745,8792,8427,8721,8258,8489,8482,8819,8604,8294,8312,8185,8688,8344,8157,8722,8243,8596,8768,8627,8826,8684,8337,8793,8387,8488,8705,8788,8643,8441,8594,8660,8678,8779,8616,8752,8778,8627,8588,8857,8391,8684,8684,8637,8694,8732,8475,8437,8759,8615,8531,8036,8668,8666,8479,8440,8853,8318,8500,8390,8752,8604,8670,8507,8362,8566,8564,8765,8547,8811,8786,8763,8399,8571,8610,8473,8716,8782,8320,8656,8695,8710,8474,8282,8569,8790,8410,8609,8669,8514,8855,8675,8393
70,8736,8697,8420,8767,8708,8558,8786,8760,8793,8431,8724,8317,8489,8550,8819,8604,8295,8312,8189,8727,8344,8165,8725,8244,8599,8769,8627,8831,8707,8371,8795,8389,8489,8706,8818,8643,8478,8596,8669,8680,8781,8617,8763,8784,8632,8588,8862,8684,8686,8685,8641,8709,8734,8476,8445,8762,8623,8536,8120,8770,8670,8480,8444,8857,8323,8503,8392,8753,8629,8676,8511,8364,8580,8565,8766,8549,8819,8786,8765,8446,8572,8616,8481,8717,8791,8336,8660,8698,8711,8478,8282,8574,8790,8517,8613,8681,8517,8876,8679,8409
71,8737,8699,8437,8802,8709,8562,8786,8763,8795,8434,8725,8319,8494,8552,8821,8621,8342,8312,8208,8730,8347,8167,8729,8416,8606,8770,8628,8831,8796,8373,8796,8391,8493,8706,8826,8767,8482,8604,8671,8694,8783,8618,8766,8785,8637,8617,8866,8721,8699,8705,8642,8712,8735,8477,8447,8796,8625,8548,8124,8782,8671,8480,8459,8858,8328,8512,8395,8754,8632,8677,8514,8366,8657,8811,8767,8551,8821,8786,8767,8458,8580,8620,8484,8725,8801,8337,8689,8701,8716,8610,8284,8576,8792,8519,8614,8684,8517,8879,8683,8411
72,8739,8699,8443,8804,8710,8562,8794,8766,8796,8436,8727,8319,8498,8555,8821,8621,8344,8313,8213,8733,8468,8172,8823,8417,8608,8770,8628,8834,8798,8414,8799,8505,8530,8709,8829,8801,8485,8605,8676,8697,8783,8627,8769,8785,8654,8617,8879,8722,8703,8707,8642,8715,8736,8492,8448,8798,8626,8570,8282,8801,8679,8572,8466,8862,8332,8514,8395,8756,8633,8680,8515,8547,8659,8816,8769,8583,8824,8786,8767,8458,8611,8661,8486,8726,8812,8459,8690,8705,8717,8614,8452,8579,8793,8523,8618,8686,8647,8879,8683,8414
73,8742,8702,8445,8806,8713,8573,8802,8770,8801,8436,8730,8324,8511,8576,8821,8623,8347,8319,8213,8733,8558,8209,8832,8421,8610,8771,8678,8838,8806,8456,8800,8774,8533,8716,8832,8807,8485,8606,8690,8705,8790,8638,8775,8792,8655,8624,8909,8726,8707,8779,8651,8716,8739,8514,8451,8803,8626,8586,8343,8801,8679,8600,8608,8865,8332,8514,8404,8840,8651,8683,8637,8551,8662,8816,8769,8595,8829,8802,8770,8458,8612,8663,8491,8729,8825,8592,8704,8707,8759,8617,8452,8582,8797,8526,8618,8696,8648,8881,8705,8448
74,8746,8702,8446,8865,8716,8589,8804,8773,8803,8437,8748,8367,8514,8702,8838,8627,8349,8321,8220,8735,8598,8215,8832,8424,8617,8772,8684,8838,8813,8458,8802,8855,8533,8721,8833,8809,8487,8726,8716,8725,8793,8641,8802,8824,8660,8635,8910,8742,8708,8791,8653,8751,8741,8514,8453,8815,8628,8591,8347,8804,8683,8612,8609,8867,8332,8517,8446,8841,8684,8683,8638,8604,8665,8821,8836,8596,8832,8802,8773,8468,8614,8665,8504,8732,8838,8836,8704,8710,8759,8617,8457,8589,8803,8529,8620,8696,8650,8889,8709,8452
75,8747,8707,8486,8870,8813,8589,8804,8773,8804,8445,8752,8386,8516,8702,8843,8627,8363,8330,8405,8743,8610,8353,8832,8481,8621,8777,8751,8841,8813,8459,8802,8856,8533,8729,8833,8829,8488,8752,8719,8726,8794,8641,8811,8825,8661,8639,8912,8745,8711,8792,8657,8757,8744,8516,8458,8818,8631,8592,8496,8806,8786,8612,8611,8867,8387,8533,8446,8842,8685,8755,8638,8606,8666,8824,8847,8599,8846,8802,8775,8469,8651,8877,8599,8742,8843,8843,8704,8738,8767,8619,8459,8590,8807,8530,8621,8699,8656,8889,8709,8454
76,8761,8709,8486,8889,8813,8709,8808,8776,8804,8447,8754,8387,8556,8706,8887,8628,8367,8330,8558,8767,8615,8355,8844,8491,8625,8779,8755,8843,8824,8528,8818,8857,8585,8748,8836,8904,8488,8778,8723,8726,8794,8650,8815,8828,8662,8657,8913,8753,8712,8794,8661,8759,8747,8777,8460,8819,8668,8594,8531,8807,8789,8614,8612,8867,8390,8533,8449,8869,8695,8763,8658,8610,8668,8839,8848,8619,8855,8802,8781,8474,8664,8886,8600,8788,8843,8845,8706,8740,8768,8624,8459,8592,8808,8530,8660,8808,8659,8891,8709,8455
77,8776,8712,8618,8891,8814,8797,8808,8776,8806,8452,8756,8413,8558,8706,8889,8628,8369,8347,8558,8768,8616,8356,8878,8527,8628,8780,8806,8870,8824,8544,8822,8860,8585,8771,8836,8911,8496,8784,8731,8729,8809,8652,8849,8829,8663,8659,8916,8753,8738,8796,8662,8759,8768,8784,8476,8824,8669,8603,8561,8809,8791,8614,8615,8869,8393,8547,8457,8872,8708,8767,8659,8610,8669,8839,8853,8623,8859,8803,8783,8476,8776,8889,8721,8790,8874,8916,8707,8773,8773,8637,8462,8593,8888,8537,8740,8808,8662,8895,8721,8457
78,8777,8765,8727,8917,8816,8799,8810,8856,8887,8733,8759,8432,8559,8714,8891,8629,8369,8663,8596,8771,8617,8655,8878,8538,8656,8803,8807,8873,8824,8550,8824,8860,8603,8776,8838,8930,8540,8784,8750,8736,8810,8653,8851,8843,8665,8663,8933,8766,8797,8797,8695,8761,8797,8785,8479,8839,8672,8610,8566,8809,8792,8615,8675,8869,8394,8550,8460,8885,8708,8768,8660,8614,8671,8839,8853,8632,8874,8807,8783,8479,8777,8897,8724,8790,8877,8917,8708,8777,8774,8640,8486,8597,8888,8539,8740,8808,8665,8895,8723,8470
79,8782,8765,8730,8918,8817,8813,8837,8860,8890,8734,8822,8458,8564,8716,8900,8635,8378,8667,8601,8773,8840,8655,8878,8539,8690,8804,8809,8877,8831,8557,8829,8869,8604,8777,8847,8933,8557,8786,8763,8748,8811,8690,8868,8850,8700,8664,8934,8770,8798,8798,8697,8767,8799,8794,8573,8887,8674,8612,8569,8826,8868,8855,8715,8871,8540,8555,8535,8899,8718,8770,8685,8617,8672,8840,8854,8635,8874,8810,8796,8482,8779,8900,8724,8792,8877,8917,8710,8793,8776,8641,8523,8597,8903,8661,8752,8811,8669,8896,8723,8472
80,8786,8783,8731,8922,8828,8825,8838,8864,8893,8736,8822,8754,8577,8716,8911,8639,8397,8669,8602,8778,8840,8657,8881,8548,8690,8804,8811,8879,8832,8569,8829,8872,8605,8777,8850,8942,8802,8788,8764,8751,8839,8691,8875,8881,8755,8681,8936,8773,8802,8800,8708,8770,8810,8887,8606,8895,8674,8613,8569,8827,8870,8857,8722,8872,8541,8558,8536,8899,8811,8793,8689,8637,8673,8842,8854,8639,8874,8820,8817,8497,8783,8900,8731,8793,8877,8921,8711,8794,8777,8642,8612,8598,8905,8663,8792,8827,8669,8903,8731,8476
81,8816,8791,8733,8925,8832,8826,8838,8865,8893,8841,8822,8818,8577,8719,8911,8642,8398,8670,8603,8785,8842,8728,8881,8554,8704,8812,8811,8879,8835,8814,8830,8874,8618,8782,8873,8943,8804,8797,8779,8810,8848,8694,8878,8883,8756,8700,8936,8776,8825,8801,8709,8773,8810,8923,8640,8895,8675,8623,8818,8842,8871,8879,8722,8875,8546,8559,8577,8902,8811,8794,8727,8638,8676,8843,8856,8759,8900,8829,8833,8497,8786,8904,8739,8801,8877,8928,8714,8801,8871,8869,8626,8629,8908,8665,8792,8857,8705,8920,8822,8487
82,8822,8798,8734,8927,8848,8826,8838,8866,8893,8842,8829,8819,8828,8719,8911,8642,8400,8789,8605,8789,8846,8734,8882,8556,8707,8813,8815,8883,8855,8840,8831,8881,8641,8796,8881,8944,8832,8800,8782,8811,8849,8694,8879,8938,8756,8709,8938,8780,8828,8802,8711,8803,8820,8923,8640,8896,8676,8631,8819,8842,8873,8880,8722,8876,8556,8560,8591,8902,8813,8826,8742,8721,8676,8844,8868,8759,8900,8833,8834,8539,8791,8907,8739,8803,8891,8928,8717,8810,8872,8869,8627,8637,8910,8673,8793,8859,8708,8922,8852,8593
83,8822,8799,8769,8927,8867,8851,8841,8866,8922,8842,8830,8829,8828,8731,8913,8671,8403,8790,8621,8789,8849,8736,8897,8566,8738,8813,8816,8885,8859,8903,8832,8881,8642,8797,8882,8944,8832,8822,8793,8815,8850,8697,8880,8939,8758,8716,8940,8783,8828,8817,8711,8803,8823,8924,8654,8899,8677,8633,8821,8845,8876,8882,8927,8877,8559,8563,8835,8905,8813,8850,8744,8728,8679,8846,8869,8759,8900,8834,8834,8668,8798,8908,8772,8804,8891,8932,8719,8810,8873,8869,8628,8639,8911,8675,8807,8878,8713,8930,8880,8616
84,8826,8804,8772,8927,8868,8856,8863,8866,8931,8843,8832,8844,8844,8751,8916,8673,8404,8842,8640,8797,8851,8737,8898,8570,8746,8828,8820,8885,8860,8903,8832,8908,8654,8830,8904,8944,8849,8828,8824,8817,8850,8697,8880,8939,8765,8719,8940,8788,8830,8819,8712,8811,8835,8928,8658,8907,8682,8636,8821,8847,8876,8882,8931,8885,8561,8564,8835,8928,8837,8852,8757,8732,8688,8849,8871,8760,8901,8837,8835,8670,8809,8908,8816,8819,8893,8934,8720,8811,8875,8870,8630,8640,8924,8675,8808,8901,8714,8930,8882,8617
85,8827,8806,8774,8927,8870,8856,8865,8873,8931,8848,8842,8845,8864,8754,8918,8675,8420,8857,8642,8858,8854,8750,8900,8834,8747,8829,8837,8887,8862,8904,8835,8908,8763,8831,8904,8946,8851,8830,8849,8820,8892,8698,8880,8939,8765,8760,8941,8788,8830,8820,8777,8811,8838,8928,8664,8908,8696,8754,8842,8852,8876,8884,8932,8905,8816,8566,8839,8930,8839,8853,8762,8732,8692,8849,8882,8762,8902,8838,8835,8671,8884,8930,8910,8848,8900,8937,8722,8811,8878,8873,8632,8642,8926,8677,8812,8904,8727,8930,8890,8617
86,8828,8809,8774,8928,8870,8860,8866,8874,8934,8852,8846,8846,8865,8812,8920,8678,8449,8858,8647,8927,8854,8752,8902,8884,8779,8847,8838,8901,8863,8904,8835,8908,8763,8832,8905,8948,8927,8833,8850,8823,8892,8701,8882,8942,8766,8825,8943,8788,8830,8828,8778,8821,8844,8928,8880,8921,8697,8756,8848,8855,8883,8885,8936,8910,8816,8816,8847,8931,8843,8853,8951,8732,8714,8852,8884,8764,8904,8854,8835,8675,8887,8930,8910,8871,8905,8937,8730,8813,8880,8882,8660,8643,8929,8681,8812,8906,8728,8930,8899,8619
87,8830,8810,8794,8931,8871,8860,8867,8875,8935,8859,8846,8847,8865,8814,8921,8680,8452,8858,8657,8933,8864,8754,8903,8885,8779,8874,8838,8920,8863,8933,8843,8909,8862,8834,8906,8956,8929,8833,8852,8825,8897,8704,8884,8942,8794,8917,8946,8794,8834,8828,8780,8822,8848,8928,8882,8925,8703,8756,8851,8857,8883,8889,8936,8911,8817,8874,8847,8932,8845,8853,8952,8756,8715,8852,8885,8765,8911,8857,8838,8677,8894,8931,8910,8879,8906,8940,8737,8816,8891,8885,8717,8644,8929,8683,8813,8914,8732,8931,8900,8619
88,8832,8812,8794,8945,8871,8863,8868,8875,8937,8870,8848,8847,8936,8838,8922,8892,8456,8859,8657,8934,8868,8850,8947,8888,8779,8880,8844,8923,8872,8934,8902,8912,8930,8836,8906,8957,8930,8838,8853,8825,8897,8716,8895,8942,8849,8917,8946,8796,8836,8829,8780,8822,8850,8928,8882,8925,8708,8759,8859,8864,8884,8893,8937,8913,8820,8879,8847,8935,8847,8853,8955,8756,8718,8852,8887,8822,8911,8865,8838,8903,8894,8931,8910,8879,8909,8940,8738,8817,8892,8885,8719,8646,8929,8686,8813,8915,8937,8938,8923,8702
89,8838,8813,8797,8947,8874,8864,8871,8889,8938,8885,8874,8848,8938,8845,8922,8894,8458,8859,8659,8934,8873,8871,8947,8901,8792,8896,8913,8923,8872,8935,8905,8913,8931,8840,8911,8957,8931,8860,8853,8826,8897,8716,8911,8943,8925,8918,8948,8801,8836,8829,8798,8841,8897,8929,8882,8939,8723,8759,8930,8868,8898,8894,8937,8921,8896,8880,8847,8937,8855,8858,8957,8757,8719,8852,8898,8832,8912,8865,8845,8904,8894,8939,8919,8882,8929,8941,8739,8820,8892,8885,8917,8648,8929,8688,8813,8916,8938,8939,8923,8716
90,8840,8837,8799,8949,8885,8892,8886,8905,8952,8930,8875,8873,8940,8854,8923,8896,8466,8859,8662,8934,8873,8872,8949,8904,8885,8898,8916,8923,8873,8936,8908,8916,8932,8850,8928,8959,8932,8861,8853,8840,8898,8916,8912,8943,8950,8920,8948,8883,8837,8841,8882,8842,8898,8929,8887,8939,8723,8822,8942,8870,8899,8896,8939,8921,8896,8883,8849,8939,8858,8858,8958,8759,8737,8854,8937,8905,8913,8867,8846,8911,8899,8958,8920,8935,8931,8942,8761,8885,8892,8886,8928,8649,8932,8689,8814,8918,8943,8939,8923,8717
91,8847,8840,8800,8949,8893,8906,8897,8906,8954,8931,8875,8881,8940,8857,8941,8896,8466,8862,8896,8935,8883,8895,8950,8905,8897,8902,8918,8930,8873,8937,8909,8918,8945,8855,8929,8959,8935,8863,8855,8842,8905,8916,8934,8946,8951,8921,8948,8898,8863,8841,8883,8843,8898,8931,8887,8941,8726,8825,8950,8871,8899,8896,8940,8932,8896,8884,8852,8941,8867,8865,8958,8760,8766,8856,8939,8908,8914,8868,8848,8911,8903,8959,8944,8935,8931,8943,8764,8959,8946,8887,8932,8750,8932,8692,8816,8919,8945,8952,8925,8719
92,8847,8849,8895,8950,8957,8906,8897,8920,8955,8931,8875,8883,8940,8865,8941,8919,8467,8863,8896,8936,8886,8909,8963,8923,8901,8903,8929,8931,8885,8938,8910,8921,8945,8857,8929,8966,8938,8865,8865,8844,8906,8918,8938,8948,8952,8921,8949,8899,8865,8845,8884,8852,8902,8933,8909,8941,8729,8826,8954,8874,8900,8908,8941,8956,8898,8906,8857,8942,8868,8867,8966,8763,8766,8869,8939,8908,8918,8916,8860,8911,8904,8961,8944,8935,8932,8943,8798,8959,8950,8912,8932,8810,8933,8711,8818,8936,8946,8953,8926,8745
93,8847,8864,8897,8962,8957,8959,8897,8921,8956,8935,8875,8884,8941,8866,8955,8931,8606,8870,8938,8948,8893,8925,8963,8939,8904,8913,8932,8939,8888,8938,8911,8923,8947,8857,8938,8966,8941,8921,8866,8845,8912,8927,8938,8948,8952,8928,8962,8901,8865,8846,8885,8860,8927,8933,8916,8941,8930,8826,8957,8889,8903,8909,8943,8960,8908,8908,8859,8950,8871,8885,8968,8850,8768,8880,8940,8909,8919,8918,8862,8949,8904,8968,8948,8956,8933,8946,8798,8960,8957,8913,8934,8812,8942,8711,8818,8937,8947,8954,8928,8945
94,8848,8864,8897,8962,8961,8960,8901,8924,8958,8938,8876,8886,8949,8870,8956,8932,8705,8944,8938,8951,8893,8946,8963,8946,8905,8935,8934,8950,8889,8938,8937,8931,8963,8858,8943,8966,8943,8922,8866,8846,8922,8929,8940,8950,8953,8928,8966,8903,8867,8848,8886,8868,8928,8936,8939,8942,8937,8828,8957,8944,8906,8944,8956,8961,8925,8908,8861,8951,8881,8886,8970,8876,8770,8882,8940,8909,8920,8919,8872,8949,8918,8969,8948,8956,8933,8958,8813,8961,8958,8914,8948,8834,8943,8926,8822,8937,8947,8954,8931,8947
95,8935,8865,8897,8962,8961,8973,8904,8925,8959,8941,8876,8887,8949,8879,8956,8943,8708,8965,8972,8960,8919,8946,8971,8946,8906,8958,8953,8952,8892,8938,8942,8951,8965,8858,8956,8967,8947,8926,8942,8847,8923,8930,8941,8950,8955,8932,8968,8904,8867,8853,8887,8869,8947,8939,8940,8942,8962,8829,8957,8947,8908,8944,8958,8963,8927,8910,8862,8953,8881,8886,8971,8877,8797,8882,8957,8911,8922,8922,8896,8950,8919,8969,8955,8958,8933,8965,8819,8961,8958,8915,8952,8834,8944,8927,8838,8961,8947,8957,8944,8947
96,8938,8916,8898,8963,8961,8973,8904,8936,8959,8943,8876,8890,8949,8887,8964,8943,8710,8966,8973,8962,8926,8958,8972,8946,8911,8958,8967,8956,8895,8938,8943,8965,8967,8859,8957,8970,8947,8960,8944,8847,8928,8947,8942,8964,8962,8933,8969,8904,8892,8872,8890,8872,8952,8940,8941,8942,8970,8830,8957,8947,8921,8944,8961,8965,8931,8972,8881,8955,8883,8886,8973,8912,8805,8882,8966,8946,8923,8931,8897,8950,8921,8969,8956,8969,8934,8965,8824,8963,8961,8940,8955,8858,8947,8928,8927,8963,8948,8959,8946,8947
97,8938,8968,8899,8965,8961,8973,8908,8937,8967,8944,8902,8890,8954,8908,8964,8946,8921,8967,8973,8966,8943,8959,8973,8948,8911,8961,8975,8956,8897,8939,8943,8965,8969,8859,8970,8974,8954,8961,8969,8848,8930,8949,8945,8965,8962,8934,8970,8905,8894,8883,8891,8939,8952,8942,8953,8945,8971,8853,8958,8948,8921,8951,8961,8967,8934,8975,8894,8974,8885,8961,8973,8916,8868,8893,8968,8962,8936,8955,8898,8952,8924,8970,8957,8973,8974,8973,8846,8964,8961,8959,8967,8858,8949,8928,8927,8965,8949,8959,8946,8950
98,8938,8969,8900,8966,8961,8974,8960,8937,8967,8946,8903,8893,8957,8909,8965,8948,8921,8968,8973,8968,8943,8970,8974,8952,8912,8963,8975,8957,8897,8963,8944,8969,8970,8925,8971,8976,8954,8962,8971,8849,8943,8950,8946,8965,8962,8958,8971,8969,8967,8886,8893,8955,8974,8943,8956,8952,8972,8926,8959,8949,8922,8953,8961,8967,8959,8975,8917,8976,8886,8968,8973,8958,8877,8893,8970,8966,8939,8958,8899,8959,8924,8973,8960,8974,8974,8975,8893,8967,8964,8960,8967,8883,8949,8931,8942,8967,8966,8961,8947,8974
99,8940,8970,8918,8966,8961,8974,8960,8938,8969,8970,8903,8973,8976,8909,8965,8949,8974,8968,8974,8975,8962,8973,8974,8953,8913,8972,8975,8965,8950,8965,8952,8971,8972,8926,8973,8976,8954,8962,8971,8858,8943,8951,8950,8965,8966,8971,8973,8970,8967,8951,8893,8967,8977,8944,8956,8952,8972,8926,8962,8950,8923,8962,8962,8967,8974,8975,8917,8977,8895,8969,8973,8958,8877,8906,8971,8974,8939,8960,8899,8972,8926,8975,8967,8975,8976,8975,8895,8970,8964,8960,8968,8883,8950,8957,8943,8974,8966,8973,8948,8975
100,8943,8970,8926,8966,8972,8974,8973,8951,8976,8973,8906,8973,8976,8924,8966,8954,8974,8968,8975,8977,8964,8975,8975,8962,8914,8973,8975,8973,8951,8965,8953,8972,8974,8926,8975,8977,8973,8964,8975,8883,8960,8958,8950,8965,8975,8973,8976,8977,8969,8972,8973,8968,8977,8966,8957,8953,8976,8941,8973,8975,8926,8963,8975,8974,8974,8975,8969,8977,8895,8977,8973,8974,8896,8976,8973,8974,8958,8962,8899,8975,8926,8976,8975,8976,8976,8975,8897,8977,8976,8964,8969,8896,8950,8957,8977,8974,8968,8974,8960,8976
101,8943,8973,8937,8966,8975,8975,8975,8958,8976,8975,8907,8976,8976,8926,8966,8955,8977,8976,8975,8977,8977,8977,8975,8975,8976,8973,8976,8976,8965,8966,8975,8976,8975,8977,8976,8977,8973,8976,8975,8897,8975,8977,8953,8966,8977,8975,8977,8977,8976,8975,8975,8969,8977,8974,8961,8977,8976,8943,8973,8975,8977,8976,8976,8975,8974,8977,8970,8977,8897,8977,8973,8976,8977,8977,8977,8977,8969,8975,8907,8976,8926,8976,8976,8977,8977,8977,8977,8977,8976,8964,8969,8897,8974,8970,8977,8976,8976,8977,8961,8976
102,8977,8977,8977,8977,8977,8977,8977,8977,8977,8977,8977,8977,8977,8977,8977,8977,8977,8977,8977,8977,8977,8977,8977,8977,8977,8977,8977,8977,8977,8977,8977,8977,8977,8977,8977,8977,8977,8977,8977,8977,8977,8977,8977,8977,8977,8977,8977,8977,8977,8977,8977,8977,8977,8977,8977,8977,8977,8977,8977,8977,8977,8977,8977,8977,8977,8977,8977,8977,8977,8977,8977,8977,8977,8977,8977,8977,8977,8977,8977,8977,8977,8977,8977,8977,8977,8977,8977,8977,8977,8977,8977,8977,8977,8977,8977,8977,8977,8977,8977,8977
